{"cameraMode":{"drawMode":0,"name":"Shaded","section":"Shading Mode"},"sceneLighting":true,"audioPlay":false,"sceneViewState":{"m_AlwaysRefresh":false,"showFog":true,"showSkybox":true,"showFlares":true,"showImageEffects":true,"showParticleSystems":true,"showVisualEffectGraphs":true,"m_FxEnabled":true},"in2DMode":false,"pivot":{"x":10.359018325805664,"y":-12.733049392700196,"z":14.883782386779786},"rotation":{"x":-0.2830173969268799,"y":-0.13268280029296876,"z":0.03956669196486473,"w":-0.9490686655044556},"size":26.946550369262697,"orthographic":false}